title,number,url,check,add_date
全知读者视角,164,https://www.colamanhua.com/manga-vw74000/1/164.html,,2023-07-09
全职法师,1058,https://www.colamanhua.com/manga-yo40340/1/1058.html,,2023-07-09
全职法师,1057,https://www.colamanhua.com/manga-yo40340/1/1057.html,YES,2023-07-09
全职法师,1060,https://www.colamanhua.com/manga-yo40340/1/1060.html,,2023-07-09
全职法师,1059,https://www.colamanhua.com/manga-yo40340/1/1059.html,,2023-07-09
重生最强玩家,127,https://www.colamanhua.com/manga-vo74545/1/127.html,,2023-07-09
我独自满级新手,105,https://www.colamanhua.com/manga-ox32229/1/105.html,,2023-07-09
玄幻，我能无限顿悟,218,https://www.colamanhua.com/manga-ml32386/1/218.html,YES,2023-07-09
玄幻，我能无限顿悟,220,https://www.colamanhua.com/manga-ml32386/1/220.html,,2023-07-09
玄幻，我能无限顿悟,219,https://www.colamanhua.com/manga-ml32386/1/219.html,YES,2023-07-09
玄幻，我能无限顿悟,222,https://www.colamanhua.com/manga-ml32386/1/222.html,,2023-07-09
玄幻，我能无限顿悟,217,https://www.colamanhua.com/manga-ml32386/1/217.html,YES,2023-07-09
死灵法师：亡灵支配者,97,https://www.colamanhua.com/manga-ky84590/1/97.html,,2023-07-09
我可以无限顿悟,70,https://www.colamanhua.com/manga-rq68930/1/70.html,YES,2023-07-09
我可以无限顿悟,71,https://www.colamanhua.com/manga-rq68930/1/71.html,,2023-07-09
